private attributes,gas used
0,656716
1,755685
2,756537
3,756309
4,756081
5,709366
0,656716
1,755685
2,756537
3,817515
4,756081
5,709366
0,656716
1,755685
2,756537
3,817515
4,756081
5,709366
0,656716
1,755685
2,756537
3,817515
4,756081
5,709366
0,656716
1,755685
2,756537
3,817515
4,756081
5,709366
0,656716
1,755685
2,756537
3,817515
4,756081
5,709366
0,656716
1,755685
2,756537
3,817515
4,756081
5,709366
0,656716
1,755685
2,756537
3,817515
4,756081
5,709366
0,656716
1,755685
2,756537
3,817515
4,756081
5,709366
0,656716
1,755685
2,756537
3,817515
4,756081
5,709366
0,656716
1,755685
2,756537
3,817515
4,756081
5,709366
0,656716
1,755685
2,756537
3,817515
4,756081
5,709366
0,656716
1,755685
2,756537
3,817515
4,756081
5,709366
0,656716
1,755685
2,756537
3,817515
4,756081
5,709366
0,656716
1,755685
2,756537
3,817515
4,756081
5,709366
0,656716
1,755685
2,756537
3,817515
4,756081
5,709366
0,656716
1,755685
2,756537
3,817515
4,756081
5,709366
0,656716
1,755685
2,756537
3,817515
4,756081
5,709366
0,660670
1,755685
2,756537
3,817515
4,756081
5,709366
0,660670
1,755685
2,756537
3,817515
4,756081
5,709366
0,578056
1,755685
2,756537
3,817515
4,756081
5,709366
0,578056
1,755685
2,756537
3,817515
4,756081
5,709366
0,578056
1,755685
2,756537
3,817515
4,756081
5,709366
0,578056
1,755685
2,756537
3,817515
4,756081
5,709366
0,578056
1,755685
2,756537
3,817515
4,756081
5,709366
0,578056
1,755685
2,756537
3,817515
4,756081
5,709366
0,578056
1,755685
2,756537
3,817515
4,756081
5,709366
0,578056
1,755685
2,756537
3,817515
4,756081
5,709366
0,578056
1,755685
2,756537
3,817515
4,756081
5,709366
0,578056
1,755685
2,756537
3,817515
4,756081
5,709366
0,578056
1,755685
2,756537
3,817515
4,756081
5,709366
0,578056
1,755685
2,756537
3,817515
4,756081
5,709366
0,578056
1,755685
2,756537
3,817515
4,756081
5,709366
0,578056
1,755685
2,756537
3,817515
4,756081
5,709366
0,578056
1,755685
2,756537
3,817515
4,756081
5,709366
0,578056
1,755685
2,756537
3,817515
4,756081
5,709366
0,578056
1,755685
2,756537
3,817515
4,756081
5,709366
0,578056
1,755685
2,756537
3,817515
4,756081
5,709366
0,578056
1,755685
2,756537
3,817515
4,756081
5,709366
0,578056
1,755685
2,756537
3,817515
4,756081
5,709366
